Ridge Penalty,10 - fold R2 Score
0.055148766184227156,0.77800183363501
0.05395370236939415,0.7780018295057036
0.013686129233372289,0.7780017163809918
0.07258942124143013,0.7780018862561688
0.07178559087489163,0.778001882189115
