Ridge Penalty,10 - fold R2 Score
0.061933856740241225,0.778001856129457
0.02721157054218928,0.7780017516314057
0.06896380722821888,0.778001877762465
0.015110993562545975,0.7780016994199105
0.08863211390109099,0.7780019329040092
